0;100000096;100000096;Tp;6;Ambrosius <de Lombez>;;piz;Lombez, Ambrosius de | La Peirie, Ambroise | LaPeirie, Ambroise | Ambroise <de Lombez> | Lombez, Ambroise de | LaPeyrie | Lombez, Ambrosius von
0;100000193;100000193;Tp;1;Bauer, Johann Gottfried;;piz;Bauer, Johannes Gottfried | Bauer, Joannes Godofredus | Bauer, Johanes Gottfried | Bauerus, Ioannes Godofredus | Bauer, Ioannes Godofredus | Bauerus, Iohannes Godofredus | Bauerus, Joannes Godofredus | Bauerus, Johannes Godofredus | Bauer, Johannes Gothofredus | Bauer, Johannes Gottofredus | Bauer, Iohannes Godofredus | Baverus, Ioan. Godofredus
0;100000231;100000231;Tp;1;Baur, Johann Wilhelm;13.4p;piz;Baur, Johannes Guilielmus | Baur, Wilhelm | Bauer, Wilhelm | Bauer, Johann Wilhelm | Baur, Joannes Guilielmus | Baur, Johannes Wilhelm | Bauer, Johannes Wilhelm
0;100000355;100000355;Tp;1;Amman, Reiner;;piz;Amman, Reinerius
0;100000541;100000541;Tp;3;Mosca, Giuseppe;;piz;Mosca, Gioseppe
0;100000649;100000649;Tp;6;Ampsing, Samuel;;piz;Ampzing, Samuel
0;100000789;100000789;Tp;3;Vacchiery, Karl Albrecht von;;piz;Vacchiery, Carl Albrecht von | Vacciery, Carl Albrecht von | Vacchieri, Karl Albrecht von | Vachiery, Carl Albrecht von | Vacchiery, Karl Albrecht | Vacchieri, Carl Albrecht von | Vacchieri, Carl von | Vacchieri, Karl von | Vachiery, Karl Albert von
0;100000983;100000983;Tp;1;Chlingensperg, Christoph von;7.14p;piz;Chlingensberg, Christoph von | Chlingensberg, Christophorus de | Chlingensberger, Christoph von | Chlingensperg, Christophorus de | Chlingensperger, Christoph von | Chlingensperger, Christophorus | Chlingensperger, Christophorus de | Chlingenspergerus, Christophorus de | Clingensperger, Christoph von | Klingensberger, Christoph | Klingensperg, Christoph von | Klingensperger, Christoph von
0;100001009;100001009;Tp;1;Bai͏̈f, Lazare de;;piz;Baif, Lazare de | Baifius, Lazarus | Bai͏̈f, Lazare | Bai͏̈f, Lasare | Bai͏̈f, Lasare de | Bayfius, Lazarus | Bai͏̈f, Lazare de
0;100001092;100001092;Tp;3;Ancher, Peder Kofod;;piz;Ancker, Petrus Kofod | Ancher, Petrus Kofod | Ancher, Peter Kofod | Ancher, Kofod | Ancher, Peder K. | Ancher, P. Kofod | Kofod-Ancher, Peder | Anker, Peter Kofod | Kofod Ancher, P. | Ancher, K.
0;100001114;100001114;Tp;3;Bayly, Thomas;;piz;Baylaeus, Thomas | Baylie, Thomas | Baily, Thomas
0;100001343;100001343;Tp;1;Plotho, Erich Christoph von;7.14p, 16.5p;piz;Plotho, Ehrich Christoph von | Plotho, E. C. von
0;100001394;100001394;Tp;3;Franck, Johann Christoph;;piz;Franck, Johannes Christophorus | Francke, Johannes Christophorus | Franck, Ioannes Christophorus | Franke, Johann Christoph | J. C. F. A. | J. C. F. | Francke, Johann Christoph | Franckius, Ioannes Christophorus | Franckius, Iohannes Christophorus | Wahrlieb, Gottfried
0;100001424;100001424;Tp;6;André, Rudolf;;piz;André, Rudolph
0;100001467;100001467;Tp;1;Antonius <Andreas>;;piz;Andreas, Antonius | Andree, Antonius | Antonius <Andreae> | Antoine <André> | Antonius <Andreas de Aragonia> | Pseudo-Antonius <Andreas> | Andrea, Antoine | Andreae, Antonius | Antoni <Andreu> | Antonius <de Aragonia> | Andreae, Antonio
0;100001564;100001564;Tp;3;Lampugnani, Giovanni Battista;;piz;Lampugnani, Giovanni B. | Lampugnani, Giambattista | Lampugnani, Gio. Batt.
0;100001718;100001718;Tp;1;Pae͏̈r, Ferdinando;14.4p;piz;Paer, Ferdinando | Paer, Ferdinand | Paar, Ferdinand | Paer, Fernando | Paeer, Ferdinando | Per, Ferdinando | Paer, ...
0;100001769;100001769;Tp;3;Beauffort, Charles Antoine de;;piz;Beauffort, Charles A. de
0;100001831;100001831;Tp;6;Yasnowsky, N.;;piz;Jasnowski, N. | Yasnowsky, ... | Jasnovskij, N. | Yasnowski, N.
0;100001866;100001866;Tp;1;Baltazarini;14.4p;piz;Beaujoyeulx, Baltasar de | Belgiojoso, Baldassarino da | Belgioioso, Baldassarre da | Belgiojos, Baldassaro de | Beaujoyeux, Balthasar de
0;100001912;100001912;Tp;3;Rinaldo <da Capua>;;piz;Capua, Rinaldo da | Rinaldo <di Capua> | Da Capua, Rinaldo | DaCapua, Rinaldo
0;100002153;100002153;Tp;3;Eggenberg, Albrecht;;piz;
0;100002188;100002188;Tp;3;Beausobre, Louis de;;piz;Ugtvogt | Beausobre, Ludwig | Ugtvogt, ... <le Docteur> | Ugtvogt, ... | D... <le Chevalier> | Beaussobre, Ludwig von
0;10000220X;10000220X;Tp;3;Giraud, Pierre François Félix Joseph;;piz;
0;100002226;100002226;Tp;1;Villemain d'Abancourt, François-Jean;;piz;Abancourt, François-Jean Villemain d' | Abancourt, François | Willemain d'Abancourt, François Jean | Abancourt, François Jean Willemain d' | Willemain d'Abancourt, François-Jean | Villemain-D'Abancourt, François-Jean | D'Abancourt, François-Jean Villemain | Gobemouche, Léonard | V. d'A. | Villemain D'Abancourt, François Jean | Willemain D'Abancourt, François Jean | Abancourt, Frano̜is Jean Villemain d'
0;100002307;100002307;Tp;3;Abbadie, Jacques;;piz;Boher, Pierre | Abbadie, ... | Abbadie, Jacob
0;100002404;100002404;Tp;6;Aaron <de domo Levi>;;piz;
0;100002617;100002617;Tp;1;Abudacnus, Josephus;;piz;Barbatus, Josephus | Abudacnus, Joseph | Barbatus, Joseph | Josephus <Barbatus> | Josephus <Abudacnus>
0;100002633;100002633;Tp;6;Abundius <Viennensis>;;piz;
0;100002706;100002706;Tp;3;Açarq, Jean P. d';;piz;
0;100002773;100002773;Tp;1;Accoltus, Benedictus;12.2p;piz;Accolti, Benedetto | Acolti, Benedictus de | Accoltis, Benedictus de | Accolti, Benoît | Accoltus Aretinus, Benedictus | Accolti Aretino, Benedetto | Benedetto <Accolti> | Benoît <Accolti> | Benoît <Accolti d'Arezzo> | Benoît <d'Arezzo> | Benedictus <Accolti> | Benedictus <Accolti Aretinus> | Benedictus <de Acoltis> | Accolti, Benedetto <il Vecchio> | Acoltis, Benedictus de | Aretinus, Benedictus | Benedictus <Aretinus> | Accolti, Benedetto
0;100002811;100002811;Tp;1;Accolti, Pietro;31.3p, 13.4p, 28p;piz;
0;100002854;100002854;Tp;6;Accursius <von Passau>;;piz;
0;100002994;100002994;Tp;1;Abela, Giovanni Francesco;;piz;Abela, Giovanfrancesco | Abela, Ioannes Franciscus | Abela, Johannes Franciscus | Abela, Joannes Franciscus
0;100003141;100003141;Tp;3;Achard, Claude-François;;piz;Achard, Claude François
0;100003184;100003184;Tp;6;Achatius <von Brandenburg>;;piz;Brandenburg, Achatius von | Brandenburg, Achaz von
0;100003400;100003400;Tp;1;Abildgaard, Søren Pedersen;23.4p, 13.4p;piz;Abildgaard, Sören | Pedersen Abildgaard, Søren
0;100003532;100003532;Tp;3;Acosta, Christóval;;piz;Acosta, Christobal | Costa, Christophorus à | Costa, Christóval à | Acosta, Cristóbal de | Costa, Christophoro a | Costa, Christophorus a | Costa, Christoforo a | La Coste, Christophle de | Costa, Cristóvão da | Acosta, Cristóval | Costa, Christovam da | Acosta, Christoforo | Acosta, Christoual | LaCoste, Christophle de
0;100003559;100003559;Tp;1;Costa, Emanuel;;piz;Acosta, Emanuel | Acosta, Emanuele | Costa, Manuel da | Costa, Manuel | Acosta, Manuel | Costa, Emmanuel a | Acosta, Emmanuel | Acosta, Manuel
0;100003591;100003591;Tp;1;Costa, Giovanni Battista;;piz;Costa, Johannes Baptista | Costa, Io. Baptista | Costa, Jo. Baptista | Costa, Ioannes Baptista | Costa, Joannes Baptista | Costa, Giambattista | Costa, Joannes Baptista a | Costa, Johannes Baptista a
0;100003729;100003729;Tp;1;Adalbertus <Monacensis>;;piz;Adalbertus
0;100003761;100003761;Tp;6;Adam <der Jüngere>;;piz;
0;100003818;100003818;Tp;6;Abram, Nicolas;;piz;Abraham, Nicolaus | Abraamus, Nicolaus | Abramus, Nicolaus | Abrahamus, Nicolaus | Abram, Nicolaus | Abraham, Nicolas
0;100003877;100003877;Tp;3;Alletz, Pons Augustin;;piz;Alletz, Pons-Augustin | Lesage, ... | M. A. de M. | Alletz, Ponce A. | Alletz, Pons-Auguste | Alletz, Pons A.
0;100003893;100003893;Tp;1;Adamantius <Alexandrinus>;;piz;Adamantius <aus Alexandrien> | Adamantios <Sophista> | Adamantius <Sophista> | Adamantius <Iudaeus> | Adamantius <Medicus> | Adamantius <Physiognomonicus> | Adamantios <Mediziner> | Adamantios <Arzt> | Adamantios <von Alexandria> | Adamantios <von Alexandreia>
0;100004075;100004075;Tp;6;Adarzo, Gabriel;;piz;Adarzo de Santander, Gabriel | Santander, Gabriel A. de
0;100004482;100004482;Tp;1;Arnold, Theodor;;piz;Arnold, Theodorus | Arnold, Theodoro | Arnoldus, Theodorus | Arnold, Theodore | T. A. | A., T.
0;100004512;100004512;Tp;3;Adimari, Alessandro;;piz;
0;100004628;100004628;Tp;3;Adlzreiter von Tettenweis, Johann;;piz;Adelzreiter, Johann | Adlzreiter, Johann | Alzreitter, Johann | Adlzreiter von Tettenweis, Johannes | Adlzreitter, Johann | Adlzreitter, Joannes | Adelzreiter, Joannes | Tettenweis, Johann von | Adlzreitter, Johannes | Adlzreitter von Tettenweis, Johann | Tettenweis, Johann Adlzreiter von | Adlzreiter von Tettenweiss, Johann | Tettenweiss, Johannes Adlzreiter von | Schöndorff, Theophil Candido von | Schöndorff, Theophilus Candidus a | Candidus a Schöndorff, Theophilus | Adlzreiter von Tettenweis, Joannes | Adlzreitter a Tetennveis, Joannes | Adlzreitter a Tetenweis, Joannes
0;100004636;100004636;Tp;1;Adolay, Caspar;;piz;Adolay, C. | Adolay, Johann Kaspar
0;100004660;100004660;Tp;3;Adolphus, Joy;;piz;
0;100004679;100004679;Tp;6;Adolf <von Erding>;;piz;Adolphus <Erdinganus>
0;100004687;100004687;Tp;6;Adolphus <a Sancto Georgio>;;piz;Adolph <a Sancto Georgio> | Adolphus <a St. Georgio> | Groll, Georg | Groll, Adolphus a S. Georgio
0;100004709;100004709;Tp;6;Adolphus Maria <a Sancto Petro>;;piz;
0;100004725;100004725;Tp;6;Jacobus <ad Portum>;;piz;Portum, Jakob ad | Portum, Jacobus ad | Portum, Jacob ad | Ad Portum, Jacobus | Ad Portum, Jacob | Ad Portum, Jakob | Portusius, Jacobus | Jacobus <Portusius>
0;100004776;100004776;Tp;1;Gassendi, Jean Jacques Basilien;;piz;Gassendi, Jean-Jacques-Basilien | Gassendi, Jean J.
0;10000492X;10000492X;Tp;3;Fick, Johann Christian;;piz;Fick, Johannes Christian | Fick, John C. | Fick, Johann Georg Christian
0;100004946;100004946;Tp;3;Ailhaud, Jean;;piz;Ailhaud, Johann
0;100004962;100004962;Tp;3;Ailhaud, Jean Gaspard;;piz;Ailhaud, Johann C. | Ailhaud, Johann | Ailhaud, Jean-Gaspard | Ailhaud, Jean G.
0;100005063;100005063;Tp;1;Aiton, William;;piz;
0;10000508X;10000508X;Tp;1;Ayvazovsk'i, Gabriêl;;piz;Ajvasovskij, Gabriel | Ayvazean, Gabriêl
0;100005136;100005136;Tp;3;Alagona, Pietro;;piz;Givvara, Pietro de | Giuvara, Petrus | Alagona, Pierre | Alogna Givvara, Pietro de | Alagon, Pedro | Alagona, Petrus | Alagon, Pedro | Givvara, Petrus
0;100005322;100005322;Tp;6;Adrianus <Mellicensis>;;piz;
0;100005330;100005330;Tp;6;Adrianus <a Nanceio>;;piz;Adrien <de Nancy> | Adrianus <Capucinus>
0;100005411;100005411;Tp;1;Albani, Giovanni Gerolamo;;piz;Albani, Giovanni Girolamo | Albani, Johannes Hieronymus | Albanus, Johannes Hieronymus | Albano, Giovanni Gerolamo
0;100005500;100005500;Tp;1;Albergati, Fabio;;piz;
0;100005594;100005594;Tp;2;Albers, Heinrich Christian;;piz;Albers, H. C.
0;100005616;100005616;Tp;3;Albers, Johann Abraham;;piz;Albers, ... | Albers, S. A. | Albers, J. A. | Albers, Joh. A. | Albers, Johann A. | Albers, Johann A. | Albers, Johann A. | Albers, Ioannes A. | Albers, Ioannes Abrahamus
0;100005632;100005632;Tp;1;Albers, Johann Christoph;;piz;Albers, Joannes C. | Albers, J. C. | Albers, Joh. Christoph | Albers, Johann Christian | Albers, J. Christian | Albers, Johann C.
0;100005667;100005667;Tp;3;Albert <le Petit>;;piz;Albertus, Lucius | Albertus <Parvus>
0;100005691;100005691;Tp;1;Alberti, Georg Wilhelm;;piz;Alberti, Georg W. | Alethophilus <Gottingensis> | Albertus, Georgius G. | Albertus, Georgius Wilhelmus | Alberti, Georgius Wilhelmus | Alberti, Georgius Guilielmus | Alberti, George Wilhelm
0;100005772;100005772;Tp;1;Alberti, Leandro;3.6p;piz;Albertus, Leander | Leander, Albertus | Leandro, Alberto | Albertus <Leander Bononiensis> | Albertus <Leander> | Albertus <Bononiensis> | Alberti, Leandor | Albertus <Dominicanus Bononiensis> | Albertus <Dominicanus> | Alberti, Leandre | Alberti, Leandro
0;100005845;100005845;Tp;1;Albertini, Francesco;3.6p;piz;Albertinus, Franciscus | Albertini, François | Albertino, Francesco Maria
0;100005888;100005888;Tp;1;Albertini, Francesco degli;13.4p;piz;Albertinus, Franciscus | Albertini <Abate> | Albertini d'Acone, Francesco | Acone, Francesco Albertini d' | Albertino, Francisco | Albertini, Francesco
0;10000590X;10000590X;Tp;3;Aedo y Gallart, Diego de;;piz;Haedo y Gallart, Diego | Gallart, Diego de | Gallart, Diego de A. y
0;100005934;100005934;Tp;6;Aegidius <a Sancto Joanne Baptista>;;piz;
0;100005985;100005985;Tp;1;Aelianus <Tacticus>;8.4p, 12.2p;piz;Aelianus, Tacticus | Aelianus, Claudius | Aelian, ... | Aelianus, Claudius <Tacticus> | Aelianos <Taktiker> | Aelianus <Militärschriftsteller> | Ailianos <Taktikos> | Aelian <Taktiker> | Ailianos | Ailainos <Taktikos> | Élien <le Tacticien> | Aelianus | Aelianus <Taktikos> | Aelian | Aelianus, Tacticus
0;100006000;100006000;Tp;1;Johann <II., Pfalz-Zweibrücken, Pfalzgraf>;;pik;Johann <Bayern, Herzog> | Johann <bei Rhein, Pfalzgraf> | Johann <Kurpfalz, Pfalzgraf> | Johann <Pfalz, Pfalzgraf> | Johann <Pfalzgraf bei Rhein> | Johann <Pfalzgraf> | Johann <Rhein, Pfalzgraf> | Johann <Rheinpfalz, Pfalzgraf> | Johann <II., Pfalz-Zweibrücken-Veldenz, Pfalzgraf> | Johann <II., Zweibrücken, Herzog> | Johannes <Bayern, Herzog> | Johannes <bei Rhein, Pfalzgraf> | Johannes <Kurpfalz, Pfalzgraf> | Johannes <Pfalz, Pfalzgraf> | Johannes <Rhein, Pfalzgraf>
0;100006043;100006043;Tp;6;Emiliano <da Novara>;;piz;Aemilianus <de Novara>
0;100006116;100006116;Tp;6;Aeneas <Phrygius>;;piz;
0;100006132;100006132;Tp;1;Aepinus, Franz Ulrich Theodor;;piz;Aepinus, Franciscus Ulricus Theodosiusus | Aepinus, Franz | Aepinus, Franz Ulrich Theodorus | Aepinus, Franz Ullrich Theodosius | Aepinus, Franz Ulrich Theodosius | Epinus, F. U. T. | Aepinvs, Franc. Vdalr. Theod. | Aepinus, Fr. U. T. | Aepinus, F. U. T. | Aepinus, F. V. T. | Aepinus, M. | Aepinus, Franz U. | Aepinus, Franz V. | Aepinus, Franciscus M. | Aepinus, Franciscus Maria Ulrich Theodorus | Aepinus, Franciscus Ulrich Theodorus | Aepinus, Franciscus Ulricus Theodorus | Hoeck, Franz Ulrich Theodosius | Huck, Franz Ulrich Theodosius | Hoch, Franz Ulrich Theodosius
0;100006221;100006221;Tp;3;Uytenhage de Mist, Johannes;;piz;Aesopus <Stomachatus> | Mist, Jan U. de | Stomachatus, Aesopus | Uytenhage de Mist, Jan | Mist, Johannes U. de | Mist, Johann U. de
0;100006280;100006280;Tp;3;Alberti, Alberto;;piz;Albertis, Albertus de | Albertis, Alberto de
0;100006299;100006299;Tp;1;Albertitsch, ...;;piz;
0;100006310;100006310;Tp;6;Barberano, Geraldus Albertus de;;piz;Geraldus Albertus <de Barberano> | Berberano, Geraldus Albertus de | Geraldus Albertus <de Berberano> | Albertus, Geraldus <de Barberano> | Albertus, Geraldus <de Berberano> | Berberano, Geraldus de | Geraldus <de Berberano> | Barberano, Geraldus de | Geraldus <de Barberano>
0;100006353;100006353;Tp;3;Alberti, Salomon;;piz;Albertus, Salomo | Albert, Salomon | Alberti, Salomo | Albertus, Salomon | Alberti, Salomon
0;100006426;100006426;Tp;1;Albinus, Christianus Bernhardus;;piz;Albinus, Christian Bernhard | Weiss, Christian Bernhard
0;100006434;100006434;Tp;1;Albin, Eleazar;13.4p, 18p;piz;Albinus, Eleazar | Albin, Eleazer | Albin, Ebenezer | Albin, Eleazare | Weiss, Eleazar
0;100006531;100006531;Tp;1;Affarosi, Camillo;;piz;Affarosi, Cammillo
0;100006574;100006574;Tp;1;Afflitto, Eustachio d';;piz;
0;100006647;100006647;Tp;6;Agapito <da Palestrina>;;piz;
0;100006868;100006868;Tp;1;Albô, Yôsēf;4.7p, 3.1p;piz;Albo, José | Joseph <Albo> | Josephus <Albo> | Yôsēf <Albô> | José <Albo> | Albo, Joseph
0;10000699X;10000699X;Tp;3;Albrecht, Johann;;piz;
0;100007163;100007163;Tp;6;Alchazel <Pedante del figliuolo del Preteianni>;;piz;
0;10000721X;10000721X;Tp;1;Canturani, Selvaggio;;piz;Agostini, Arcangelo | Selvaggio <Canturani>
0;100007376;100007376;Tp;3;Mayer, Georg;;piz;Marius, Georgius | Meyer, Georg | Mayr, Georg | Mayer, Georgius
0;100007481;100007481;Tp;1;Alen, Andreas van;;piz;Alenus, Andreas | Alenus, André | Alen, André van
0;100007600;100007600;Tp;6;Alessio <della Concezione>;;piz;Alessio <della Concettione>
0;100007635;100007635;Tp;1;Mamachi, Tommaso Maria;;piz;Alethinus, Pistus | Mamachius, Thomas Maria | Mamachi, Maria | Mamachi, Tommaso | Mammachi, Tommaso Maria | Philaretes, Alethinus
0;10000766X;10000766X;Tp;6;Alethophilus <Bavarus>;;piz;
0;100007678;100007678;Tp;6;Henri <de Saint Ignace>;;piz;Liberius, Candidus | Henri <de Saint-Ignace> | Candidus, Liberius | Saint Ignace, Henri de | Henricus <a Sancto Ignatio> | Aletophilus, Christianus | Henricus <de Sancto Ignatio> | Saint Ignace, Henry de | Aletophilus, Christian | Heinrich <vom Heiligen Ignatius> | Henricus de Sancto Ignatio | Alethophilus, Christianus | Saint-Ignace, Henri de
0;100007694;100007694;Tp;1;Alethophilus, Germanus;;piz;Aletophilus, Germanus
0;100007724;100007724;Tp;1;Alexander <ab Alexandro>;;piz;Alexandro, Alexander ab | Alexandro, Alexandrus ab | Alessandri, Alessandro di | Alessandri, Alessandro | Alexandrinis, Alexander de
0;100007759;100007759;Tp;6;Alexius <a Sancto Aquilino>;;piz;Alexander <a Sancto Aquilino> | Eisentraut, Johann A. | Eisentraut, Alexius | Alexius <a Sancto Aquino>
0;100007775;100007775;Tp;6;Alexander <a Conceptione>;;piz;
0;100007813;100007813;Tp;6;Alexander <Neapolitanus>;;piz;
0;100007856;100007856;Tp;6;Alexander <a Sancta Theresia>;;piz;
0;100007945;100007945;Tp;6;Alexis <de Jesus>;;piz;
0;100007953;100007953;Tp;6;Alexius <Madurensis>;;piz;
0;100007961;100007961;Tp;6;Alexius <a Sancto Andrea>;;piz;Alexi, Alexius | Alexis <a Sancto Andrea>
0;100008070;100008070;Tp;6;Arrivabene, Andrea;;piz;Arrivabene, Andreas
0;100008135;100008135;Tp;1;Aldenburgk, Johann Georg;8.4p, 19.1dp;piz;Aldenburg, Johann Georg | Aldenburgh, Johann Georg | Aldenburgk, Johann Gregor | Aldenburgk, Johannes Gregorius | Aldenburgk, Johann G. | Aldenburgh, Johann G.
0;100008143;100008143;Tp;1;Cibo, Alderano;3.6p;piz;Cybo, Alderanus | Alderanus <Ostiensis> | Cybo-Malaspina, Alderano
0;100008186;100008186;Tp;1;Castelli, Pietro;24.3p, 27.20p;piz;Castellus, Petrus | Petrus <Castellus>
0;100008275;100008275;Tp;3;Ahlefeldt, Detlev von;;piz;Ahlefeld, Detlev von | Ahlefeldt, Ditlev | Alefeld, Dethlef von
0;100008291;100008291;Tp;6;Alegambe, Philippe;;piz;Alegambe, Philippus | Allegambe, Philippus
0;100008364;100008364;Tp;6;Amboise, Michel d';;piz;Amboyse, Michel d' | Esclave fortuné
0;100008372;100008372;Tp;1;Ambra, Francesco d';;piz;
0;100008429;100008429;Tp;6;Ambrosius <Alexandrinus>;;piz;
0;100008445;100008445;Tp;6;Ambrosius <Iuterbocensis>;;piz;
0;100008453;100008453;Tp;6;Ambrosius <Eremita>;;piz;Ambrosius <Neapolitanus> | Ambrosius <Parthenopaeus>
0;100008461;100008461;Tp;6;Ambrosius <de Neapoli>;;piz;
0;100008488;100008488;Tp;6;Ambrosius <a Sancto Spiritu>;;piz;
0;100008542;100008542;Tp;1;Amelot de Mauregard, Jacques;;piz;Mauregard, Jacques Amelot de
0;100008569;100008569;Tp;1;Amelot de la Houssaie, Abraham Nicolas;16.1p;piz;La Houssaye, Abraham N. de | La Mothe-Josseval d'Aronsel | Amelot de la Houssaye, Abraham N. | Houssaye, Abraham N. de la | La Houssaie, Abraham N. de | La Mothe-Josseval D'Aronsel, ... | Houssaie, Abraham N. de la | La Houssaie, Nicolas A. de | La Houssaie, Abraham-Nicolas A. de | Houssaie, Nicolas A. de la | Houssaie, Abraham-Nicolas A. de la | Amelot de la Houssaye, Nicolas | Amelot de la Houssaie, Abraham-Nicolas | La Houssaie, Abraham-Nicolas de | Amellotto della Houssaia, Abraham N. | Amelot de la Houssaye, Abraham-Nicolas | La Houssaye, Nicolas A. de | La Houssaye, Abraham-Nicolas A. de | Houssaye, Nicolas A. de la | Houssaye, Abraham-Nicolas A. de la | Mothe-Josseval D'Aronsel, ... de la | Amelot de la Houssaie, Abraham N. | Amelot de LaHoussaie, Abraham Nicolas | LaHoussaye, Abraham N. de | LaMothe-Josseval d'Aronsel | Amelot de LaHoussaye, Abraham N. | LaHoussaie, Abraham N. de | LaMothe-Josseval D'Aronsel, ... | LaHoussaie, Nicolas A. de | LaHoussaie, Abraham-Nicolas A. de | Amelot de LaHoussaye, Nicolas | Amelot de LaHoussaie, Abraham-Nicolas | LaHoussaie, Abraham-Nicolas de | Amelot de LaHoussaye, Abraham-Nicolas | LaHoussaye, Nicolas A. de | LaHoussaye, Abraham-Nicolas A. de | Amelot de LaHoussaie, Abraham N.
0;100008585;100008585;Tp;1;Amelung, Johann Friedrich;;piz;Amelung, Johann-Friedrich | Amelung, Johannes Friedrich | Amelung, Johann-Fridericus | Amelung, Johannes Fridericus | Amelung, Ioh. Friedrich
0;100008615;100008615;Tp;1;Am Ende, Christian Karl;3.6p, 16.1p;piz;Am Ende, Christian Carl | Ende, Christian Karl am | Am Ende, Chrn. C. | Ende, Chrn. C. am | Ende, Christian Carl am | Ende, Christian Karl Am | AmEnde, Christian Karl | AmEnde, Christian Carl | AmEnde, Chrn. C.
0;100008879;100008879;Tp;1;Alimari, Doroteo;;piz;Alimari, Dorotheo | Alimarus, Dorotheus | Alimarius, Dorotheus
0;100008887;100008887;Tp;6;Alipius <a Sancto Bartholomaeo>;;piz;
0;100009271;100009271;Tp;1;Almers, Sebastian;;piz;Allmers, Sebastian | Almerus, Sebastianus | Almer, Sebastian | Almers, Sebastianus | Marsellus, Sincerus | Allmer, Sebastian
0;100009298;100009298;Tp;3;Allottus, Gulielmus;;piz;Allottius, Guilelmus | Allott, William | Allottius, Gulielmus | Allottus, Guilelmus
0;100009360;100009360;Tp;3;Almendingen, Ludwig Harscher von;;piz;Harscher von Almendingen, Ludwig von | Almendingen, Harscher von | Harscher, Ludwig | Harscher, Ludwig von A. | Almendingen, Harscher L. von | Stam, Ludwig | Stam, ... | Harscher von Almendingen, Ludwig | Almendingen, ... | Harscher Almendingen, Ludwig von | Harscher, Ludwig von | Almendingen, Ludwig H. von
0;100009468;100009468;Tp;3;Amiani, Pietro Maria;;piz;Amiani, Pier M. | Amiani, Piero M. | Ammiani, Piero M. | Amiani, Pietro M.
0;100009530;100009530;Tp;1;Ammonius <Grammaticus>;;piz;Ammonius <Alexandrinus Grammaticus> | Ammonius <Historicus> | Ammonios <Bearbeiter des Lexikons> | Ammonius <Alexandrinus> | Ammonius <Grammarian> | Ammonios <Lexikograph>
0;100009573;100009573;Tp;1;Amontons, Guillaume;;piz;Amontons, ... | Amontons <Mister>
0;100009603;100009603;Tp;6;Amoss, Johann;;piz;Amoß, Johann | Amos, Johann | Amoss, Johannes | Amos, Johannes | Amoss, Joannes | Amos, Joannes
0;100009611;100009611;Tp;3;Amostazo, Francisco;;piz;Mostazo, Franciscus a
0;100009670;100009670;Tp;1;Ampère, Jean-Jacques;12.2p, 16.1p;piz;Ampère, Jean J. | Ampère, Jean Jacques | Ampère, Jean Jacques Antoine | Ampère, J. J. | Ampère, J.-J.
0;10000976X;10000976X;Tp;1;Aloysius <a Sancta Andrea>;;piz;Aloysius <a S. Andrea>
0;100009816;100009816;Tp;1;Alonso <de la Vera Cruz>;3.6p;piz;Alphonsus <a Vera Cruce> | Alonso <Fray> | Vera Cruce, Alphonsus a | Veracruce Gutierez, Alphons | Vera Cruz, Alonso de la | Alonso <de la Veracruz> | Gutiérrez, Alonso | Alonso <de Veracruz> | Veracruz, Alonso de | Illephonsus <a Vera Cruce> | Vera Cruce, Illephonsus a | Alfonsus <a Veracruce> | Veracruce, Alfonsus a
0;100009824;100009824;Tp;6;Alonso <de Jesús María>;;piz;Alphonsus <a Jesu Maria> | Jesu Maria, Alphonsus a | Alfonso <di Gesù e Maria> | Gesù e Maria, Alfonso di | Jesús María, Alonso de
0;100009867;100009867;Tp;3;Alpino, Prospero;;piz;Alpinus, Prosper | Alpinus, Prosperus | Alpini, Prospero | Alpin, Prosper | Alpino, Alpini | Alpinus, Alpini | Alpinus, Alpinus | Alpini, Prosper | Prosper <Alpinus>
0;100009956;100009956;Tp;1;Alströmer, Jonas;32.10p, 10.12p;piz;Alström, Jonas
0;100009972;100009972;Tp;1;Ambrogio <di Altamura>;;piz;Ambrosius <de Altamura> | Altamura, Ambrosius de | Altamura, Ambrogio di | Del Giudice, Ambrogio | Giudice, Ambrogio del | DelGiudice, Ambrogio
0;100010016;100010016;Tp;1;Amsberg, Philipp August von;;piz;Amsberg, Philipp A. von | Amsberg, A. von | Amsberg, August Philipp von | Amsberg, August Philipp Christian Theodor von
0;100010113;100010113;Tp;1;Anaklet <I., Papst>;3.6p;piz;Anacletus <I., Papa> | Anacletus <Martyr> | Anacletus <Romanus> | Anacletus <Sanctus> | Anaklet | Anenkletus <Papa, I> | Cletus <I., Papa> | Kletos | Kletus | Anacletus <I., Papa> | Anenkletos <I., Papst> | Cletus <I., Papa> | Cletus <I., Papst>
0;100010148;100010148;Tp;6;Anastasius <a Cruce>;;piz;Cruce, Anastasius a | Falck, ... | Falck, Jgnaz | Falck, Ignaz
0;100010180;100010180;Tp;6;Anastasius <Pragensis>;;piz;
0;100010318;100010318;Tp;6;Alpheo <da Pistoja>;;piz;Alfeo <da Pistoja>
0;100010350;100010350;Tp;1;Altenstaig, Johann;3.6p;piz;Altensteig, Johann | Altensteig, Johannes | Altenstaig, Johannes | Altenstaig, Ioannes | Altenstaig, Joannes | Altestaig, Joannes | Altesteig, Joannes | Altensteig, Johannes | Altenstaig, Johannes | Altensteig, Joannes | Joannes <Altenstaig> | Joannes <Mindelheimensis>
0;100010385;100010385;Tp;1;Alter, Franz Karl;;piz;Alter, Franz K. | Alter, F. K. | Alter, Franz Carl | Alter, Franz C. | Alter, F. C. | Alter, Franciscus Carolus | Alter, Phrankisk. Karolos
0;100010407;100010407;Tp;6;Dadin de Hauteserre, Antoine;;piz;Alteserra, Antonius Dadinus | Dadinus Alteserra, Antonius | Altesserra, Antonius Dadinus | Hauteserre, Antonius Dadin de | Dadine D'Autesserre, Antoine
0;100010423;100010423;Tp;1;Althamer, Andreas;6.1p, 3.6p;piz;Brenz, Andreas | Palaeosphyra | Brentius, Andreas | Brentz, Andreas | Brentzius, Andreas | Brentius <of Brentz> | Althammer, Andreas | Altheimer, Andreas | Gundelfingius, Andreas | Paläosphyra | Palaeospyrus | Althamerus, Andreas | Palaeosphyra, Andreas | Althamer, Andreas | Althammer, Johann | Althammerus, Andreas | Allthamer, Andrea
0;100010458;100010458;Tp;3;Althann, Michael Franz Ferdinand von;;piz;Althan, Michael F. von | Solimann, Julius | Solimanus, Julius | Solimanus, Julius | Althann, Michael F. ab | Althann, Michael Franciscus Ferdinandus ab | Solimannus, Julius | Solimanus, Iulius
0;10001058X;10001058X;Tp;3;Alting, Menso;;piz;Altingius, Menso | Alting, Menso <Emden> | Alting, Menso <der Ältere>
0;100010628;100010628;Tp;3;Altmann, Johann Nepomuc;;piz;Altmann, Johann N.
0;100010636;100010636;Tp;3;Altmann, Vincentius;;piz;Altmann, P. F.
0;100010652;100010652;Tp;1;Altomare, Donato A. d';;piz;Altomari, Donatus A. ab | Altomari, Donatus Antonius | Altomari, Antoine-Donat | Altomare, Antonio Donato
0;100010717;100010717;Tp;3;Alvarado, Francisco;;piz;
0;10001075X;10001075X;Tp;1;Álvares, Francisco;3.6p, 19.1dp;piz;Alvarez, Francisco | Alvares, Francisco | Alvares, Francisco | Alvarez, Francesco | Alvares, Franciscus
0;100011004;100011004;Tp;3;Anderson, Aeneas;;piz;Anderson, Æneas
0;100011071;100011071;Tp;3;Andlern, Franz Friedrich von;;piz;Andlaw, Franz Friedrich von | Andler, Franciscus Fridericus ab | Andler, Franz Friedrich | Andler, Frantz Fridrich von | Andler, Franz Friedrich von | Andlern, Franciscus Fridericus ab | Andlern, Frantz Fridrich von | Andlern, Frantz Friderich von | Andlerus, Franciscus Fridericus | Andlerus, Franciscus Fridericus ab
0;100011101;100011101;Tp;3;Andrada, Diogo Paiva de;;piz;Andrada, Didacus de | Payva, Didacus de A. de | Andrada, Jacobus | Payva de Andrade, Diogo de | Paiva de Andrade, Diogo de | Payva D'Andrada, Diegho de | Payva, Jacobus | Paiva de Andrade, Diego | Payva Dandrada, Dieguo | Paiva de Andrada, Diogo de | Andrade, Diego P. de | Paiva de Andrade, Diogo | Andrada, Diego de P. d' | Payua D'Andrada, Diego de | Andrada, Diogo de P. d' | Andrade, Diogo de P. d' | Andrade, Diogo de P. de | Andrade, Diogo P. de | Paiva de Andrada, Diogo | Payva D'Andrada, Diego | Andrada, Diogo P. de
0;100011152;100011152;Tp;1;André, Christian Carl;12.2p, 6.4p, 10.2dp, 32.10p;piz;André, Christian C. | André, Christian K. | André, Christian Karl | Andreä, Christian Karl | Andreä, Christian Carl | Andrä, Christian Karl | Andrä, Christian Carl | André, C. C.
0;10001125X;10001125X;Tp;1;Alulphus <Tornacensis>;;piz;Pseudo-Paterius <C> | Pseudo-Paterius C | Paterius <Alulfus Tornacensis> | Alulphus <Sancti Martini Tornacensis Monachus> | Alulphus <Monachus Sancti Martini Tornacensis> | Alulfus <Tornacensis> | Alulfus <de Tornaco> | Alulphe <Moine> | Alulphe <Bibliothécaire> | Alulphe <de Saint-Martin> | Alulphe <de Tournai> | Alulf <von Tournai> | Alulf <von Saint-Martin> | Alulf <Kantor> | Alulf <Armarius> | Alulfus <von Tournai> | Alulfus von Tournai | Alulphus Tornacensis
0;100011314;100011314;Tp;6;Amadesi, Giuseppe Luigi;;piz;Amadesi, Joseph Ludwig | Amadesius, Josephus Aloysius | Amadesius, Jos. A.
0;100011322;100011322;Tp;6;Amadeus <Baiocensis>;;piz;Amédée <de Bayeux> | Amadeus <Bajocensis>
0;100011330;100011330;Tp;6;Amadeus <Gotteszell>;;piz;Bauer, Amadeus
0;100011373;100011373;Tp;3;Amaleti, Giuseppe;;piz;Amaleti, Joseph d' | Amalet, Joseph d' | Amaletus, Josephus d'
0;100011411;100011411;Tp;3;Amandus <Pater>;;piz;Amandus <Mindester> | Amandus <Minimus> | Amandus | Amandus <Pauliner> | Amandus <Wien> | Amandus G., P. | G., P. Amandus | Amandus G. <Minimus>
0;10001142X;10001142X;Tp;3;Amandus <van Zierikzee>;;piz;Zierikzee, Amandus von | Amandus <von Zierikzee> | Zierikzee, Amandus van | Amandus <Zierixensis> | Zierixensis, Amandus | Zierixeensis, Amandus | Zirixeensis, Amandus | Amandus <de Zirikzee> | Amandus <Zierixeensis> | Amandus <von Kirikzee> | Amandus <van Zirikzee>
0;100011438;100011438;Tp;6;Amanellus <de Claris Aquis>;;piz;Clarisaquis, Amanellus de | Claris Aquis, Amanellus de | Amanellus de Claris Aquis
0;100011683;100011683;Tp;6;Andreas <Montopolitanus>;;piz;Andrea <da Montepulciano>
0;100011691;100011691;Tp;6;Andreas <a Sancta Theresia>;;piz;Andreas <von S. Theresia>
0;100011756;100011756;Tp;3;Annat, François;;piz;Annatus, Franciscus | Severinus, Vincentius | Severinus, Vincentus
0;100011764;100011764;Tp;3;Annat, Pierre;;;Annatus, Petrus
0;100011772;100011772;Tp;1;Anne, Théodore;;piz;Anne, Thre. | Anne, Th. | Anne, Théodore Louis François
0;100011780;100011780;Tp;6;Anna Sophie <Hessen-Darmstadt, Landgräfin>;;piz;Anna Sophia <Hessen, Landgräfin> | Anna Sophia <Hessen-Darmstadt, Landgräfin> | Anna Sophia <Hessen-Darmstadt, Gräfin> | Anna Sophia <Quedlinburg, Äbtissin> | Anna Sophie <Quedlinburg, Äbtissin> | Anne Sophia <Hessen-Darmstadt, Landgräfin> | Anne Sophie <Hessen-Darmstadt, Landgräfin> | Anne Sophie <Hessen, Landgräfin> | Anne Sophie <Quedlinburg, Äbtissin> | A. S. L. Z. H.""
0;100011837;100011837;Tp;6;Anonymus <de Arminis>;;piz;Arminis, Anonymus de
0;10001187X;10001187X;Tp;1;Ansaldi, Ansaldo;;piz;Ansaldis, Ansaldus de | Ansaldus, Anseldi de
0;100011896;100011896;Tp;1;Ansalone, Pietro;;piz;Ansalonius, Petrus
0;100011926;100011926;Tp;1;Ansart, Louis Joseph Auguste;;piz;Ansart, Louis J. | Ansart, Jos. A. | Ansart, ...
0;100011985;100011985;Tp;3;Anselmo, Antoon;7.14p;piz;Anselmus, Antonius | Anselmo, Antonius
0;100011993;100011993;Tp;1;Anselme, Antoine;;piz;Anselmus, Antonius
0;100012027;100012027;Tp;6;Anselme <de Sainte Marie>;;piz;Anselmus <Parisiensis> | Guibours, Pierre de | Pierre <de Gibours>
0;100012159;100012159;Tp;3;Santa Croce, Antonio;;piz;Anticano, Sertonaco | Sertonaco, Anticano | Santacroce, Antonio | Santa-Croce, Antonio | Croce, Antonio S.- | Anticano, Sertonaro
0;100012256;100012256;Tp;6;Andrés <de San Nicolas>;;piz;
0;10001240X;10001240X;Tp;1;Andromachus <Cretensis>;;piz;Andromachus <Senior> | Andromachos <von Kreta> | Andromachos <Arzt> | Andromachos <Leibarzt des Kaisers Nero> | Andromachus <Poeta Medicus> | Andromachos <de Crète> | Andromachus
0;100012426;100012426;Tp;3;Andronicus, Matthaeus;;piz;Andronicus, Matthias | Andronicus Tragurinus, Matthaeus | Tragurinus, Matthaeus Andronicus
0;100012434;100012434;Tp;1;Andronicus <Rhodius>;4.7p;piz;Andronicus <Philosophus> | Andronikos <von Rhodos> | Andronikos <Peripatetiker> | Andronicus <of Rhodus> | Andronico <di Rhodi> | Andronico <Filosofo> | Pseudo-Andronicus <Rhodius> | Pseudo-Andronicus <Scriptor Catalogi Poetarum> | Pseudo-Andronicus <de Rhodes>
0;100012558;100012558;Tp;1;Jacobus <Angelus de Scarperia>;;piz;Jacopo <di Angelo> | Angelo, Jacopo d' | Jacobus <Angelus> | Jacopo <Angeli> | Jacopo <Angeli da Scarperia> | Jacques <d'Angelo> | Angeli, Jacob | Angelus de Scarperia, Jacobus | Jacopo <d'Angelo> | Scarparia, Jacobus Angelus de | Jacobus <Angeli de Scarperia> | Angelus, Jacobus | Jacobus Angelus <de Scarparia> | Jacobus aus Scarperia
0;100012582;100012582;Tp;6;Angelico <da Vicenza>;;piz;Angelicus <Vincentinus>
0;100012612;100012612;Tp;6;Angelinus <von Arras>;;piz;Angelin <d'Arras> | Arras, Angelinus von | Arras, Angelin de
0;100012639;100012639;Tp;3;Angelis, Alexander de;;piz;Angeli, Alessandro degli | Angelis, Alexandre de | Angeli, Alessandro de | Angelis, Alexandro de
0;100012663;100012663;Tp;1;Angelis, Domenico de;;piz;
0;10001271X;10001271X;Tp;1;Angeli, Stefano degli;;piz;Degli Angeli, Stefano | Angelis, Stephanus de | Stephanus <ab Angelis> | DegliAngeli, Stefano
0;100012752;100012752;Tp;6;Angelo <da Firenze>;;piz;
0;100012779;100012779;Tp;6;Angelo Maria <di San Filippo>;;piz;Quadrio, Angelo M.
0;100012795;100012795;Tp;6;Angelo, Michael <da Venetia>;;piz;Angelus, Michael | Agnolo, Michele | Agnolo, Michel | Agnolus, Michael | Michael Angelus <da Venetia> | Michael Angelus <Minore> | Michael Agnolus <Minore>
0;100012809;100012809;Tp;6;Angelo <da Picitono>;;piz;Picitono, Angelo da
